<?xml version="1.0" encoding="UTF-8"?>
<!--
    Licensed Materials - Property of IBM
    5725-I43 (C) Copyright IBM Corp. 2011, 2013. All Rights Reserved.
    US Government Users Restricted Rights - Use, duplication or
    disclosure restricted by GSA ADP Schedule Contract with IBM Corp.
-->
<wl:adapter name="HelloWorld"
	xmlns:xsi="http://www.w3.org/2001/XMLSchema-instance" 
	xmlns:wl="http://www.ibm.com/mfp/integration"
	xmlns:http="http://www.ibm.com/mfp/integration/http">

	<displayName>HelloWorld</displayName>
	<description>HelloWorld</description>
	<connectivity>
		<connectionPolicy xsi:type="wl:NullConnectionPolicyType"></connectionPolicy>
	</connectivity>
	
	<JAXRSApplicationClass>com.webcomm.adapters.HelloWorldApplication</JAXRSApplicationClass>
</wl:adapter>
